{"cameraMode":{"drawMode":0,"name":"Shaded","section":"Shading Mode"},"sceneLighting":true,"audioPlay":false,"sceneViewState":{"m_AlwaysRefresh":false,"showFog":true,"showSkybox":true,"showFlares":true,"showImageEffects":true,"showParticleSystems":true,"showVisualEffectGraphs":true,"m_FxEnabled":true},"in2DMode":false,"pivot":{"x":-11.325362205505371,"y":1.6903929710388184,"z":2.8678805828094484},"rotation":{"x":0.0035506088752299549,"y":0.9841833114624023,"z":-0.17605236172676087,"w":0.019784143194556237},"size":0.6712101101875305,"orthographic":false}